[
  {
    "inputs": [],
    "stateMutability": "nonpayable",
    "type": "constructor"
  },
  {
    "anonymous": false,
    "inputs": [
      {
        "indexed": true,
        "internalType": "uint256",
        "name": "roomId",
        "type": "uint256"
      },
      {
        "indexed": true,
        "internalType": "address",
        "name": "from",
        "type": "address"
      },
      {
        "indexed": true,
        "internalType": "address",
        "name": "to",
        "type": "address"
      },
      {
        "indexed": false,
        "internalType": "uint256",
        "name": "amount",
        "type": "uint256"
      }
    ],
    "name": "ChipsTransferred",
    "type": "event"
  },
  {
    "anonymous": false,
    "inputs": [
      {
        "indexed": false,
        "internalType": "uint256",
        "name": "amount",
        "type": "uint256"
      },
      {
        "indexed": true,
        "internalType": "address",
        "name": "collector",
        "type": "address"
      }
    ],
    "name": "FeesCollected",
    "type": "event"
  },
  {
    "anonymous": false,
    "inputs": [
      {
        "indexed": true,
        "internalType": "uint256",
        "name": "roomId",
        "type": "uint256"
      },
      {
        "indexed": true,
        "internalType": "address",
        "name": "winner",
        "type": "address"
      },
      {
        "indexed": false,
        "internalType": "uint256",
        "name": "potAmount",
        "type": "uint256"
      },
      {
        "indexed": false,
        "internalType": "uint256",
        "name": "feeAmount",
        "type": "uint256"
      }
    ],
    "name": "GameEnded",
    "type": "event"
  },
  {
    "anonymous": false,
    "inputs": [
      {
        "indexed": true,
        "internalType": "uint256",
        "name": "roomId",
        "type": "uint256"
      },
      {
        "indexed": false,
        "internalType": "uint8",
        "name": "playerCount",
        "type": "uint8"
      }
    ],
    "name": "GameStarted",
    "type": "event"
  },
  {
    "anonymous": false,
    "inputs": [
      {
        "indexed": true,
        "internalType": "uint256",
        "name": "roomId",
        "type": "uint256"
      },
      {
        "indexed": true,
        "internalType": "address",
        "name": "player",
        "type": "address"
      },
      {
        "indexed": false,
        "internalType": "uint256",
        "name": "amount",
        "type": "uint256"
      }
    ],
    "name": "PlayerJoined",
    "type": "event"
  },
  {
    "anonymous": false,
    "inputs": [
      {
        "indexed": true,
        "internalType": "uint256",
        "name": "roomId",
        "type": "uint256"
      },
      {
        "indexed": true,
        "internalType": "address",
        "name": "player",
        "type": "address"
      }
    ],
    "name": "PlayerLeft",
    "type": "event"
  },
  {
    "anonymous": false,
    "inputs": [
      {
        "indexed": true,
        "internalType": "uint256",
        "name": "roomId",
        "type": "uint256"
      },
      {
        "indexed": true,
        "internalType": "address",
        "name": "creator",
        "type": "address"
      },
      {
        "indexed": false,
        "internalType": "uint256",
        "name": "buyInAmount",
        "type": "uint256"
      }
    ],
    "name": "RoomCreated",
    "type": "event"
  },
  {
    "inputs": [],
    "name": "FEE_DENOMINATOR",
    "outputs": [
      {
        "internalType": "uint256",
        "name": "",
        "type": "uint256"
      }
    ],
    "stateMutability": "view",
    "type": "function"
  },
  {
    "inputs": [],
    "name": "MAX_PLAYERS",
    "outputs": [
      {
        "internalType": "uint256",
        "name": "",
        "type": "uint256"
      }
    ],
    "stateMutability": "view",
    "type": "function"
  },
  {
    "inputs": [],
    "name": "PLATFORM_FEE_RATE",
    "outputs": [
      {
        "internalType": "uint256",
        "name": "",
        "type": "uint256"
      }
    ],
    "stateMutability": "view",
    "type": "function"
  },
  {
    "inputs": [
      {
        "internalType": "address",
        "name": "_newOwner",
        "type": "address"
      }
    ],
    "name": "changeOwner",
    "outputs": [],
    "stateMutability": "nonpayable",
    "type": "function"
  },
  {
    "inputs": [
      {
        "internalType": "uint256",
        "name": "_buyInAmount",
        "type": "uint256"
      }
    ],
    "name": "createRoom",
    "outputs": [
      {
        "internalType": "uint256",
        "name": "",
        "type": "uint256"
      }
    ],
    "stateMutability": "payable",
    "type": "function"
  },
  {
    "inputs": [],
    "name": "emergencyWithdraw",
    "outputs": [],
    "stateMutability": "nonpayable",
    "type": "function"
  },
  {
    "inputs": [
      {
        "internalType": "uint256",
        "name": "_roomId",
        "type": "uint256"
      },
      {
        "internalType": "address",
        "name": "_winner",
        "type": "address"
      }
    ],
    "name": "endGame",
    "outputs": [],
    "stateMutability": "nonpayable",
    "type": "function"
  },
  {
    "inputs": [],
    "name": "gameHistory",
    "outputs": [
      {
        "components": [
          {
            "internalType": "uint256",
            "name": "roomId",
            "type": "uint256"
          },
          {
            "internalType": "address",
            "name": "winner",
            "type": "address"
          },
          {
            "internalType": "uint256",
            "name": "potAmount",
            "type": "uint256"
          },
          {
            "internalType": "uint256",
            "name": "feeAmount",
            "type": "uint256"
          },
          {
            "internalType": "uint256",
            "name": "timestamp",
            "type": "uint256"
          }
        ],
        "internalType": "struct PokerGame.GameResult[]",
        "name": "",
        "type": "tuple[]"
      }
    ],
    "stateMutability": "view",
    "type": "function"
  },
  {
    "inputs": [
      {
        "internalType": "uint256",
        "name": "_roomId",
        "type": "uint256"
      }
    ],
    "name": "getGameHistoryByRoom",
    "outputs": [
      {
        "components": [
          {
            "internalType": "uint256",
            "name": "roomId",
            "type": "uint256"
          },
          {
            "internalType": "address",
            "name": "winner",
            "type": "address"
          },
          {
            "internalType": "uint256",
            "name": "potAmount",
            "type": "uint256"
          },
          {
            "internalType": "uint256",
            "name": "feeAmount",
            "type": "uint256"
          },
          {
            "internalType": "uint256",
            "name": "timestamp",
            "type": "uint256"
          }
        ],
        "internalType": "struct PokerGame.GameResult[]",
        "name": "",
        "type": "tuple[]"
      }
    ],
    "stateMutability": "view",
    "type": "function"
  },
  {
    "inputs": [
      {
        "internalType": "uint256",
        "name": "_roomId",
        "type": "uint256"
      },
      {
        "internalType": "address",
        "name": "_player",
        "type": "address"
      }
    ],
    "name": "getPlayerChips",
    "outputs": [
      {
        "internalType": "uint256",
        "name": "",
        "type": "uint256"
      }
    ],
    "stateMutability": "view",
    "type": "function"
  },
  {
    "inputs": [
      {
        "internalType": "address",
        "name": "_player",
        "type": "address"
      }
    ],
    "name": "getPlayerRooms",
    "outputs": [
      {
        "internalType": "uint256[]",
        "name": "",
        "type": "uint256[]"
      }
    ],
    "stateMutability": "view",
    "type": "function"
  },
  {
    "inputs": [
      {
        "internalType": "uint256",
        "name": "_roomId",
        "type": "uint256"
      }
    ],
    "name": "getRoom",
    "outputs": [
      {
        "internalType": "uint256",
        "name": "roomId",
        "type": "uint256"
      },
      {
        "internalType": "address",
        "name": "creator",
        "type": "address"
      },
      {
        "internalType": "uint256",
        "name": "buyInAmount",
        "type": "uint256"
      },
      {
        "internalType": "uint256",
        "name": "potAmount",
        "type": "uint256"
      },
      {
        "internalType": "uint8",
        "name": "playerCount",
        "type": "uint8"
      },
      {
        "internalType": "address[]",
        "name": "players",
        "type": "address[]"
      },
      {
        "internalType": "bool",
        "name": "isActive",
        "type": "bool"
      },
      {
        "internalType": "uint256",
        "name": "createdAt",
        "type": "uint256"
      }
    ],
    "stateMutability": "view",
    "type": "function"
  },
  {
    "inputs": [
      {
        "internalType": "uint256",
        "name": "_roomId",
        "type": "uint256"
      },
      {
        "internalType": "address",
        "name": "_player",
        "type": "address"
      }
    ],
    "name": "isPlayerInRoom",
    "outputs": [
      {
        "internalType": "bool",
        "name": "",
        "type": "bool"
      }
    ],
    "stateMutability": "view",
    "type": "function"
  },
  {
    "inputs": [
      {
        "internalType": "uint256",
        "name": "_roomId",
        "type": "uint256"
      }
    ],
    "name": "joinRoom",
    "outputs": [],
    "stateMutability": "payable",
    "type": "function"
  },
  {
    "inputs": [
      {
        "internalType": "uint256",
        "name": "_roomId",
        "type": "uint256"
      }
    ],
    "name": "leaveRoom",
    "outputs": [],
    "stateMutability": "nonpayable",
    "type": "function"
  },
  {
    "inputs": [],
    "name": "owner",
    "outputs": [
      {
        "internalType": "address",
        "name": "",
        "type": "address"
      }
    ],
    "stateMutability": "view",
    "type": "function"
  },
  {
    "inputs": [
      {
        "internalType": "address",
        "name": "",
        "type": "address"
      },
      {
        "internalType": "uint256",
        "name": "",
        "type": "uint256"
      }
    ],
    "name": "playerRooms",
    "outputs": [
      {
        "internalType": "uint256",
        "name": "",
        "type": "uint256"
      }
    ],
    "stateMutability": "view",
    "type": "function"
  },
  {
    "inputs": [],
    "name": "roomCounter",
    "outputs": [
      {
        "internalType": "uint256",
        "name": "",
        "type": "uint256"
      }
    ],
    "stateMutability": "view",
    "type": "function"
  },
  {
    "inputs": [
      {
        "internalType": "uint256",
        "name": "",
        "type": "uint256"
      }
    ],
    "name": "rooms",
    "outputs": [
      {
        "internalType": "uint256",
        "name": "roomId",
        "type": "uint256"
      },
      {
        "internalType": "address",
        "name": "creator",
        "type": "address"
      },
      {
        "internalType": "uint256",
        "name": "buyInAmount",
        "type": "uint256"
      },
      {
        "internalType": "uint256",
        "name": "potAmount",
        "type": "uint256"
      },
      {
        "internalType": "uint8",
        "name": "playerCount",
        "type": "uint8"
      },
      {
        "internalType": "bool",
        "name": "isActive",
        "type": "bool"
      },
      {
        "internalType": "uint256",
        "name": "createdAt",
        "type": "uint256"
      }
    ],
    "stateMutability": "view",
    "type": "function"
  },
  {
    "inputs": [
      {
        "internalType": "uint256",
        "name": "_roomId",
        "type": "uint256"
      },
      {
        "internalType": "uint256",
        "name": "_amount",
        "type": "uint256"
      }
    ],
    "name": "transferChipsToPot",
    "outputs": [],
    "stateMutability": "nonpayable",
    "type": "function"
  },
  {
    "stateMutability": "payable",
    "type": "receive"
  }
]
